[{"model": "contenttypes.contenttype", "fields": {"app_label": "admin", "model": "logentry"}}, {"model": "contenttypes.contenttype", "fields": {"app_label": "auth", "model": "permission"}}, {"model": "contenttypes.contenttype", "fields": {"app_label": "auth", "model": "group"}}, {"model": "contenttypes.contenttype", "fields": {"app_label": "contenttypes", "model": "contenttype"}}, {"model": "contenttypes.contenttype", "fields": {"app_label": "sessions", "model": "session"}}, {"model": "contenttypes.contenttype", "fields": {"app_label": "monBlog", "model": "article"}}, {"model": "contenttypes.contenttype", "fields": {"app_label": "monBlog", "model": "contact"}}, {"model": "contenttypes.contenttype", "fields": {"app_label": "Demande", "model": "demande"}}, {"model": "contenttypes.contenttype", "fields": {"app_label": "Demande", "model": "detailsdemande"}}, {"model": "contenttypes.contenttype", "fields": {"app_label": "Fournisseur", "model": "referencecounter"}}, {"model": "contenttypes.contenttype", "fields": {"app_label": "Fournisseur", "model": "type"}}, {"model": "contenttypes.contenttype", "fields": {"app_label": "Fournisseur", "model": "fournisseur"}}, {"model": "contenttypes.contenttype", "fields": {"app_label": "catalogue", "model": "famille"}}, {"model": "contenttypes.contenttype", "fields": {"app_label": "catalogue", "model": "referencecounter"}}, {"model": "contenttypes.contenttype", "fields": {"app_label": "catalogue", "model": "categorie"}}, {"model": "contenttypes.contenttype", "fields": {"app_label": "catalogue", "model": "service"}}, {"model": "contenttypes.contenttype", "fields": {"app_label": "catalogue", "model": "souscategorie"}}, {"model": "contenttypes.contenttype", "fields": {"app_label": "catalogue", "model": "bien"}}, {"model": "contenttypes.contenttype", "fields": {"app_label": "accounts", "model": "role"}}, {"model": "contenttypes.contenttype", "fields": {"app_label": "accounts", "model": "user"}}, {"model": "contenttypes.contenttype", "fields": {"app_label": "commande", "model": "lignecommande"}}, {"model": "contenttypes.contenttype", "fields": {"app_label": "commande", "model": "commande"}}, {"model": "contenttypes.contenttype", "fields": {"app_label": "inventaire", "model": "mouvementlogistique"}}, {"model": "contenttypes.contenttype", "fields": {"app_label": "inventaire", "model": "stock"}}, {"model": "contenttypes.contenttype", "fields": {"app_label": "commande", "model": "livraison"}}, {"model": "sessions.session", "pk": "1t51gwdyvjdy2alooudw8ywv991rgdtu", "fields": {"session_data": ".eJxVjEEOwiAQRe_C2hBhWhhcuu8ZyDCAVA0kpV0Z765NutDtf-_9l_C0rcVvPS1-juIilDj9boH4keoO4p3qrUludV3mIHdFHrTLqcX0vB7u30GhXr41Kw1EaNA6YjIwqsENZ9Yu56AsMKrgNDmCRGANALLm7BQiZzOiRvH-ANKyN1M:1vfSS1:pY2TnocsQvLBEHJ33ByLH6mxqgpnOBZmCnEYVeTHtN8", "expire_date": "2026-01-27T00:40:01.778Z"}}, {"model": "sessions.session", "pk": "271vyrva4d1imz7driuki0bxrfd12ryq", "fields": {"session_data": ".eJxVjEEOwiAQRe_C2hAYKFCX7j0DmWFAqoYmpV0Z765NutDtf-_9l4i4rTVuPS9xYnEWIE6_G2F65LYDvmO7zTLNbV0mkrsiD9rldeb8vBzu30HFXr-1ZSQGShpYK_I22aJ8CG7wSMWDMqh4DAUMOXTsbRhGA8V5U0LQYJJ4fwDpRTdz:1veBOn:gG5ZQa1WvfOoEmBTEJjyQXVL7qOQmF8tkraHjA2jGt8", "expire_date": "2026-01-23T12:15:25.240Z"}}, {"model": "sessions.session", "pk": "5dhkpoq6xp8qgxnqbd4sup1ntrzgeezq", "fields": {"session_data": ".eJxVjEEOwiAQRe_C2hBhWhhcuu8ZyDCAVA0kpV0Z765NutDtf-_9l_C0rcVvPS1-juIilDj9boH4keoO4p3qrUludV3mIHdFHrTLqcX0vB7u30GhXr41Kw1EaNA6YjIwqsENZ9Yu56AsMKrgNDmCRGANALLm7BQiZzOiRvH-ANKyN1M:1vTKlH:PtC6xowWRg-pyEtEO_8LVTJkUJ1STXy3RTaERSMj0zI", "expire_date": "2025-12-24T14:01:47.193Z"}}, {"model": "sessions.session", "pk": "68myxqxzfki4z8w2cvys4h2mul54h31s", "fields": {"session_data": ".eJxVjEEOwiAQRe_C2hBhWhhcuu8ZyDCAVA0kpV0Z765NutDtf-_9l_C0rcVvPS1-juIilDj9boH4keoO4p3qrUludV3mIHdFHrTLqcX0vB7u30GhXr41Kw1EaNA6YjIwqsENZ9Yu56AsMKrgNDmCRGANALLm7BQiZzOiRvH-ANKyN1M:1vW3AY:AqSLzVyUiN0J3ohoaXkFG6ZKFMC_Wyq0tFnL-4BIiBU", "expire_date": "2026-01-01T01:51:06.935Z"}}, {"model": "sessions.session", "pk": "c0gorvtdtjnm76yku27k9kqzpavm97mc", "fields": {"session_data": ".eJxVjEEOwiAQRe_C2hBhWhhcuu8ZyDCAVA0kpV0Z765NutDtf-_9l_C0rcVvPS1-juIilDj9boH4keoO4p3qrUludV3mIHdFHrTLqcX0vB7u30GhXr41Kw1EaNA6YjIwqsENZ9Yu56AsMKrgNDmCRGANALLm7BQiZzOiRvH-ANKyN1M:1veNAr:VsZ33EnEjRN8rrwE6W7oUtOdGNGpnLfWoKlgVpcHkWU", "expire_date": "2026-01-24T00:49:49.456Z"}}, {"model": "sessions.session", "pk": "hx6hjh54svma322437ofwcl7ysc9j523", "fields": {"session_data": ".eJxVjEEOwiAQRe_C2hAYKFCX7j0DmWFAqoYmpV0Z765NutDtf-_9l4i4rTVuPS9xYnEWIE6_G2F65LYDvmO7zTLNbV0mkrsiD9rldeb8vBzu30HFXr-1ZSQGShpYK_I22aJ8CG7wSMWDMqh4DAUMOXTsbRhGA8V5U0LQYJJ4fwDpRTdz:1veBhK:CMAj2tF9ZdqlhAHrgBuKkS3ShnH58ZLaaUBa2g7qSZU", "expire_date": "2026-01-23T12:34:34.856Z"}}, {"model": "sessions.session", "pk": "jviceb6re0kv5swp2dlkuw9kwfpcm4zr", "fields": {"session_data": ".eJxVjEEOwiAQRe_C2hAYKFCX7j0DmWFAqoYmpV0Z765NutDtf-_9l4i4rTVuPS9xYnEWIE6_G2F65LYDvmO7zTLNbV0mkrsiD9rldeb8vBzu30HFXr-1ZSQGShpYK_I22aJ8CG7wSMWDMqh4DAUMOXTsbRhGA8V5U0LQYJJ4fwDpRTdz:1vZUNa:VqfNqaBvp5yTHCYHe3C4vy-65YNErPYLqiLIKBq7_EQ", "expire_date": "2026-01-10T13:30:46.698Z"}}, {"model": "sessions.session", "pk": "m9crnb28zsvvw810y7smxwyvt571md46", "fields": {"session_data": ".eJxVjEEOwiAQRe_C2hAYKFCX7j0DmWFAqoYmpV0Z765NutDtf-_9l4i4rTVuPS9xYnEWIE6_G2F65LYDvmO7zTLNbV0mkrsiD9rldeb8vBzu30HFXr-1ZSQGShpYK_I22aJ8CG7wSMWDMqh4DAUMOXTsbRhGA8V5U0LQYJJ4fwDpRTdz:1vfhsm:GsoVEcRl5W4CwmXBZBaeMrxo-N5niIr8otm1RyxvyxU", "expire_date": "2026-01-27T17:08:40.335Z"}}, {"model": "sessions.session", "pk": "poj3qa8ucs799knxiiafrrso4euynxpn", "fields": {"session_data": ".eJxVjEEOwiAQRe_C2hAYKFCX7j0DmWFAqoYmpV0Z765NutDtf-_9l4i4rTVuPS9xYnEWIE6_G2F65LYDvmO7zTLNbV0mkrsiD9rldeb8vBzu30HFXr-1ZSQGShpYK_I22aJ8CG7wSMWDMqh4DAUMOXTsbRhGA8V5U0LQYJJ4fwDpRTdz:1veYNH:3VM9GU-h9qmxPIT3LwFG4W_m_58570v3qNJ8FHG7ZHk", "expire_date": "2026-01-24T12:47:23.121Z"}}, {"model": "sessions.session", "pk": "pxakjxquv2ky3a0x1w27ehhdisovhee2", "fields": {"session_data": ".eJxVjEEOwiAQRe_C2hAYKFCX7j0DmWFAqoYmpV0Z765NutDtf-_9l4i4rTVuPS9xYnEWIE6_G2F65LYDvmO7zTLNbV0mkrsiD9rldeb8vBzu30HFXr-1ZSQGShpYK_I22aJ8CG7wSMWDMqh4DAUMOXTsbRhGA8V5U0LQYJJ4fwDpRTdz:1wJb3G:JQ6mUp6rxSIJ4xsDLl2v9Ea90RenRdQdfjnJbplN7Gk", "expire_date": "2026-05-17T17:56:22.890Z"}}, {"model": "sessions.session", "pk": "rpxhipxxakafynmsg9dx8jojru84g2if", "fields": {"session_data": ".eJxVjEEOwiAQRe_C2hAYKFCX7j0DmWFAqoYmpV0Z765NutDtf-_9l4i4rTVuPS9xYnEWIE6_G2F65LYDvmO7zTLNbV0mkrsiD9rldeb8vBzu30HFXr-1ZSQGShpYK_I22aJ8CG7wSMWDMqh4DAUMOXTsbRhGA8V5U0LQYJJ4fwDpRTdz:1vU6Zm:oevBGW7UJKNVHMhjg8GL86AG0QPRWsZ0uzFtP0DSikA", "expire_date": "2025-12-26T17:05:06.474Z"}}, {"model": "sessions.session", "pk": "zodr08o1belookaj9gzm6hkn0gdd6jf9", "fields": {"session_data": ".eJxVjEEOwiAQRe_C2hAYKFCX7j0DmWFAqoYmpV0Z765NutDtf-_9l4i4rTVuPS9xYnEWIE6_G2F65LYDvmO7zTLNbV0mkrsiD9rldeb8vBzu30HFXr-1ZSQGShpYK_I22aJ8CG7wSMWDMqh4DAUMOXTsbRhGA8V5U0LQYJJ4fwDpRTdz:1vW1de:VwL7QMMnU74Yxk-LF1ZriKWBGLTqAo3LORv53Sx-rR8", "expire_date": "2026-01-01T00:13:02.238Z"}}, {"model": "Demande.detailsdemande", "pk": 1, "fields": {"demande": 39, "type": "Bien", "bien": 4, "service": null, "quantite": 5}}, {"model": "Demande.detailsdemande", "pk": 2, "fields": {"demande": 40, "type": "Bien", "bien": 4, "service": null, "quantite": 5}}, {"model": "Demande.detailsdemande", "pk": 3, "fields": {"demande": 40, "type": "Bien", "bien": 4, "service": null, "quantite": 6}}, {"model": "Demande.detailsdemande", "pk": 4, "fields": {"demande": 41, "type": "Bien", "bien": 4, "service": null, "quantite": 4}}, {"model": "Demande.detailsdemande", "pk": 5, "fields": {"demande": 42, "type": "Bien", "bien": 11, "service": null, "quantite": 1}}, {"model": "Fournisseur.referencecounter", "pk": 1, "fields": {"model_name": "Fournisseur", "counter": 5}}, {"model": "Fournisseur.type", "pk": 3, "fields": {"nom": "Service"}}, {"model": "Fournisseur.type", "pk": 4, "fields": {"nom": "Bien"}}, {"model": "Fournisseur.fournisseur", "pk": 3, "fields": {"reference": "FOUR-003", "nom": "kkk", "email": null, "telephone": null, "adresse": null, "statut": "Actif", "types": [4], "specialite": [1, 2, 3, 4]}}, {"model": "Fournisseur.fournisseur", "pk": 4, "fields": {"reference": "FOUR-004", "nom": "KOUADIO Distribution", "email": "contact@kouadiodistrib.ci", "telephone": "07 48 23 91 12", "adresse": "Yopougon Zone Indus", "statut": "Actif", "types": [4], "specialite": [4, 8]}}, {"model": "Fournisseur.fournisseur", "pk": 5, "fields": {"reference": "FOUR-005", "nom": "IVO TECH SERVICES", "email": "support@ivotech.ci", "telephone": "05 01 92 77 68", "adresse": "Cocody Angré", "statut": "Actif", "types": [4], "specialite": [1, 2, 4, 5, 6, 7]}}, {"model": "catalogue.famille", "pk": 1, "fields": {"reference": "INF", "designation": "Informatique"}}, {"model": "catalogue.famille", "pk": 2, "fields": {"reference": "VEH", "designation": "Vehicule"}}, {"model": "catalogue.famille", "pk": 3, "fields": {"reference": "ENT", "designation": "Entretien"}}, {"model": "catalogue.famille", "pk": 4, "fields": {"reference": "SÉC", "designation": "Sécurité"}}, {"model": "catalogue.famille", "pk": 5, "fields": {"reference": "FOU", "designation": "Fournitures"}}, {"model": "catalogue.famille", "pk": 6, "fields": {"reference": "MOB", "designation": "Mobilier"}}, {"model": "catalogue.categorie", "pk": 1, "fields": {"reference": "INF-ORD", "designation": "Ordinateur", "famille": 1}}, {"model": "catalogue.categorie", "pk": 2, "fields": {"reference": "INF-PER", "designation": "Periphérique", "famille": 1}}, {"model": "catalogue.categorie", "pk": 3, "fields": {"reference": "ENT-OUT", "designation": "Outils", "famille": 3}}, {"model": "catalogue.categorie", "pk": 4, "fields": {"reference": "ENT-PRO", "designation": "Produits", "famille": 3}}, {"model": "catalogue.categorie", "pk": 5, "fields": {"reference": "SÉC-EXT", "designation": "Extincteurs", "famille": 4}}, {"model": "catalogue.categorie", "pk": 6, "fields": {"reference": "SÉC-SUR", "designation": "Surveillance", "famille": 4}}, {"model": "catalogue.categorie", "pk": 7, "fields": {"reference": "FOU-BUR", "designation": "Bureautique", "famille": 5}}, {"model": "catalogue.categorie", "pk": 8, "fields": {"reference": "FOU-ORG", "designation": "Organisation", "famille": 5}}, {"model": "catalogue.categorie", "pk": 9, "fields": {"reference": "MOB-SIÈ", "designation": "Sièges", "famille": 6}}, {"model": "catalogue.categorie", "pk": 10, "fields": {"reference": "MOB-TAB", "designation": "Tables", "famille": 6}}, {"model": "catalogue.categorie", "pk": 11, "fields": {"reference": "MOB-RAN", "designation": "Rangement", "famille": 6}}, {"model": "catalogue.souscategorie", "pk": 1, "fields": {"reference": "INF-ORD-LAP", "type": "Bien", "categorie": 1, "nom": "Laptop"}}, {"model": "catalogue.souscategorie", "pk": 2, "fields": {"reference": "INF-ORD-DES", "type": "Bien", "categorie": 1, "nom": "Desktop"}}, {"model": "catalogue.souscategorie", "pk": 3, "fields": {"reference": "INF-ORD-BUR", "type": "Bien", "categorie": 1, "nom": "Bureau"}}, {"model": "catalogue.souscategorie", "pk": 4, "fields": {"reference": "INF-PER-IMP", "type": "Bien", "categorie": 2, "nom": "Imprimante"}}, {"model": "catalogue.souscategorie", "pk": 5, "fields": {"reference": "INF-PER-ÉCR", "type": "Bien", "categorie": 2, "nom": "Écrans"}}, {"model": "catalogue.souscategorie", "pk": 6, "fields": {"reference": "INF-PER-CLA", "type": "Bien", "categorie": 2, "nom": "Claviers"}}, {"model": "catalogue.souscategorie", "pk": 7, "fields": {"reference": "INF-PER-SOU", "type": "Bien", "categorie": 2, "nom": "Souris"}}, {"model": "catalogue.souscategorie", "pk": 8, "fields": {"reference": "INF-PER-PRO", "type": "Bien", "categorie": 2, "nom": "Projecteur"}}, {"model": "catalogue.souscategorie", "pk": 9, "fields": {"reference": "ENT-OUT-ASP", "type": "Bien", "categorie": 3, "nom": "Aspirateurs"}}, {"model": "catalogue.souscategorie", "pk": 10, "fields": {"reference": "ENT-OUT-BAL", "type": "Bien", "categorie": 3, "nom": "balais"}}, {"model": "catalogue.souscategorie", "pk": 11, "fields": {"reference": "ENT-PRO-DÉT", "type": "Bien", "categorie": 4, "nom": "Détergents"}}, {"model": "catalogue.souscategorie", "pk": 12, "fields": {"reference": "ENT-PRO-DÉS", "type": "Bien", "categorie": 4, "nom": "désinfectants"}}, {"model": "catalogue.souscategorie", "pk": 13, "fields": {"reference": "SÉC-SUR-GAR", "type": "Service", "categorie": 6, "nom": "Gardiennage"}}, {"model": "catalogue.bien", "pk": 4, "fields": {"sous_categorie": 3, "reference": "INF-ORD-BUR-019", "designation": "Desktop Dell Latitude 5520 – i5 / 8 Go / 512 SSD", "frequence_utilisation": "occasionnel", "numero": 19, "marque": null, "modele": null, "informations_complementaires": null}}, {"model": "catalogue.bien", "pk": 5, "fields": {"sous_categorie": 8, "reference": "INF-PER-PRO-001", "designation": "Projecteur multimédia Full HD", "frequence_utilisation": "ponctuel", "numero": 1, "marque": "Epson", "modele": "EB-X06", "informations_complementaires": "Projecteur Full HD, HDMI, 3 600 lumens, usage professionnel."}}, {"model": "catalogue.bien", "pk": 6, "fields": {"sous_categorie": 4, "reference": "INF-PER-IMP-001", "designation": "Imprimante multifonction laser", "frequence_utilisation": "quotidien", "numero": 1, "marque": "HP", "modele": "LaserJet Pro MFP M428fdw", "informations_complementaires": "Laser multifonction, A4, Wi-Fi, USB, Ethernet."}}, {"model": "catalogue.bien", "pk": 7, "fields": {"sous_categorie": 4, "reference": "INF-PER-IMP-002", "designation": "Imprimante jet d’encre couleur", "frequence_utilisation": "quotidien", "numero": 2, "marque": "Epson", "modele": "EcoTank L3250", "informations_complementaires": "Jet d’encre couleur, réservoirs rechargeables, impression Wi-Fi, format A4."}}, {"model": "catalogue.bien", "pk": 8, "fields": {"sous_categorie": 4, "reference": "INF-PER-IMP-003", "designation": "Imprimante multifonction couleur", "frequence_utilisation": "quotidien", "numero": 3, "marque": "Canon", "modele": "i-SENSYS MF645Cx", "informations_complementaires": "Impression, scan, copie, couleur, écran tactile, USB, Ethernet, Wi-Fi."}}, {"model": "catalogue.bien", "pk": 9, "fields": {"sous_categorie": 4, "reference": "INF-PER-IMP-004", "designation": "Imprimante multifonction laser couleur", "frequence_utilisation": "quotidien", "numero": 4, "marque": "HP", "modele": "HP Color LaserJet Pro MFP M479fdw", "informations_complementaires": "Impression/copie/scan/fax, Wi‑Fi, A4."}}, {"model": "catalogue.bien", "pk": 10, "fields": {"sous_categorie": 1, "reference": "INF-ORD-LAP-001", "designation": "Ultrabook haut de gamme", "frequence_utilisation": "quotidien", "numero": 1, "marque": "Dell", "modele": "XPS 13 Plus", "informations_complementaires": "Intel Core i7, 16 Go RAM, SSD 512 Go, écran 13.4″, ultrafin, usage professionnel."}}, {"model": "catalogue.bien", "pk": 11, "fields": {"sous_categorie": 1, "reference": "INF-ORD-LAP-002", "designation": "HP EliteBook 840 G9", "frequence_utilisation": "quotidien", "numero": 2, "marque": "HP", "modele": "EliteBook 840 G9", "informations_complementaires": "Intel Core i7, 16 Go RAM, SSD 512 Go, Windows 11 Pro."}}, {"model": "catalogue.bien", "pk": 12, "fields": {"sous_categorie": 1, "reference": "INF-ORD-LAP-003", "designation": "Lenovo ThinkPad X1 Carbon Gen 11", "frequence_utilisation": "quotidien", "numero": 3, "marque": "Lenovo", "modele": "ThinkPad X1 Carbon Gen 11", "informations_complementaires": "Intel Core i7, 16 Go RAM, SSD 1 To, robustesse entreprise."}}, {"model": "catalogue.bien", "pk": 13, "fields": {"sous_categorie": 2, "reference": "INF-ORD-DES-001", "designation": "HP EliteDesk 805 G9", "frequence_utilisation": "quotidien", "numero": 1, "marque": "HP", "modele": "EliteDesk 805 G9", "informations_complementaires": "AMD Ryzen 7, 16 Go RAM, SSD 512 Go, Wi‑Fi + Ethernet."}}, {"model": "catalogue.bien", "pk": 14, "fields": {"sous_categorie": 2, "reference": "INF-ORD-DES-002", "designation": "HP Pavilion Desktop TP01", "frequence_utilisation": "quotidien", "numero": 2, "marque": "HP", "modele": "Pavilion TP01‑3060", "informations_complementaires": "Intel Core i5, 12 Go RAM, SSD 512 Go."}}, {"model": "accounts.role", "pk": 1, "fields": {"nom_role": "demandeur"}}, {"model": "accounts.role", "pk": 2, "fields": {"nom_role": "gestionnaire"}}, {"model": "accounts.role", "pk": 3, "fields": {"nom_role": "admin"}}, {"model": "commande.commande", "pk": 2, "fields": {"code_cmnd": "CMND-2026-01-001", "demande": 28, "fournisseur": 3, "date_cmnd": "2026-01-11", "statut_cmnd": "terminee", "fichier_bon_cmnd": "", "date_ajout": "2026-01-11T03:21:42.407Z"}}, {"model": "commande.lignecommande", "pk": 3, "fields": {"commande": 2, "type": "Bien", "bien": 4, "service": null, "quantite": 4, "prix_unitaire": "20000.00", "total": "80000.00"}}, {"model": "auth.permission", "fields": {"name": "Can add log entry", "content_type": ["admin", "logentry"], "codename": "add_logentry"}}, {"model": "auth.permission", "fields": {"name": "Can change log entry", "content_type": ["admin", "logentry"], "codename": "change_logentry"}}, {"model": "auth.permission", "fields": {"name": "Can delete log entry", "content_type": ["admin", "logentry"], "codename": "delete_logentry"}}, {"model": "auth.permission", "fields": {"name": "Can view log entry", "content_type": ["admin", "logentry"], "codename": "view_logentry"}}, {"model": "auth.permission", "fields": {"name": "Can add permission", "content_type": ["auth", "permission"], "codename": "add_permission"}}, {"model": "auth.permission", "fields": {"name": "Can change permission", "content_type": ["auth", "permission"], "codename": "change_permission"}}, {"model": "auth.permission", "fields": {"name": "Can delete permission", "content_type": ["auth", "permission"], "codename": "delete_permission"}}, {"model": "auth.permission", "fields": {"name": "Can view permission", "content_type": ["auth", "permission"], "codename": "view_permission"}}, {"model": "auth.permission", "fields": {"name": "Can add group", "content_type": ["auth", "group"], "codename": "add_group"}}, {"model": "auth.permission", "fields": {"name": "Can change group", "content_type": ["auth", "group"], "codename": "change_group"}}, {"model": "auth.permission", "fields": {"name": "Can delete group", "content_type": ["auth", "group"], "codename": "delete_group"}}, {"model": "auth.permission", "fields": {"name": "Can view group", "content_type": ["auth", "group"], "codename": "view_group"}}, {"model": "auth.permission", "fields": {"name": "Can add content type", "content_type": ["contenttypes", "contenttype"], "codename": "add_contenttype"}}, {"model": "auth.permission", "fields": {"name": "Can change content type", "content_type": ["contenttypes", "contenttype"], "codename": "change_contenttype"}}, {"model": "auth.permission", "fields": {"name": "Can delete content type", "content_type": ["contenttypes", "contenttype"], "codename": "delete_contenttype"}}, {"model": "auth.permission", "fields": {"name": "Can view content type", "content_type": ["contenttypes", "contenttype"], "codename": "view_contenttype"}}, {"model": "auth.permission", "fields": {"name": "Can add session", "content_type": ["sessions", "session"], "codename": "add_session"}}, {"model": "auth.permission", "fields": {"name": "Can change session", "content_type": ["sessions", "session"], "codename": "change_session"}}, {"model": "auth.permission", "fields": {"name": "Can delete session", "content_type": ["sessions", "session"], "codename": "delete_session"}}, {"model": "auth.permission", "fields": {"name": "Can view session", "content_type": ["sessions", "session"], "codename": "view_session"}}, {"model": "auth.permission", "fields": {"name": "Can add article", "content_type": ["monBlog", "article"], "codename": "add_article"}}, {"model": "auth.permission", "fields": {"name": "Can change article", "content_type": ["monBlog", "article"], "codename": "change_article"}}, {"model": "auth.permission", "fields": {"name": "Can delete article", "content_type": ["monBlog", "article"], "codename": "delete_article"}}, {"model": "auth.permission", "fields": {"name": "Can view article", "content_type": ["monBlog", "article"], "codename": "view_article"}}, {"model": "auth.permission", "fields": {"name": "Can add contact", "content_type": ["monBlog", "contact"], "codename": "add_contact"}}, {"model": "auth.permission", "fields": {"name": "Can change contact", "content_type": ["monBlog", "contact"], "codename": "change_contact"}}, {"model": "auth.permission", "fields": {"name": "Can delete contact", "content_type": ["monBlog", "contact"], "codename": "delete_contact"}}, {"model": "auth.permission", "fields": {"name": "Can view contact", "content_type": ["monBlog", "contact"], "codename": "view_contact"}}, {"model": "auth.permission", "fields": {"name": "Can add demande", "content_type": ["Demande", "demande"], "codename": "add_demande"}}, {"model": "auth.permission", "fields": {"name": "Can change demande", "content_type": ["Demande", "demande"], "codename": "change_demande"}}, {"model": "auth.permission", "fields": {"name": "Can delete demande", "content_type": ["Demande", "demande"], "codename": "delete_demande"}}, {"model": "auth.permission", "fields": {"name": "Can view demande", "content_type": ["Demande", "demande"], "codename": "view_demande"}}, {"model": "auth.permission", "fields": {"name": "Can add details demande", "content_type": ["Demande", "detailsdemande"], "codename": "add_detailsdemande"}}, {"model": "auth.permission", "fields": {"name": "Can change details demande", "content_type": ["Demande", "detailsdemande"], "codename": "change_detailsdemande"}}, {"model": "auth.permission", "fields": {"name": "Can delete details demande", "content_type": ["Demande", "detailsdemande"], "codename": "delete_detailsdemande"}}, {"model": "auth.permission", "fields": {"name": "Can view details demande", "content_type": ["Demande", "detailsdemande"], "codename": "view_detailsdemande"}}, {"model": "auth.permission", "fields": {"name": "Can add reference counter", "content_type": ["Fournisseur", "referencecounter"], "codename": "add_referencecounter"}}, {"model": "auth.permission", "fields": {"name": "Can change reference counter", "content_type": ["Fournisseur", "referencecounter"], "codename": "change_referencecounter"}}, {"model": "auth.permission", "fields": {"name": "Can delete reference counter", "content_type": ["Fournisseur", "referencecounter"], "codename": "delete_referencecounter"}}, {"model": "auth.permission", "fields": {"name": "Can view reference counter", "content_type": ["Fournisseur", "referencecounter"], "codename": "view_referencecounter"}}, {"model": "auth.permission", "fields": {"name": "Can add type", "content_type": ["Fournisseur", "type"], "codename": "add_type"}}, {"model": "auth.permission", "fields": {"name": "Can change type", "content_type": ["Fournisseur", "type"], "codename": "change_type"}}, {"model": "auth.permission", "fields": {"name": "Can delete type", "content_type": ["Fournisseur", "type"], "codename": "delete_type"}}, {"model": "auth.permission", "fields": {"name": "Can view type", "content_type": ["Fournisseur", "type"], "codename": "view_type"}}, {"model": "auth.permission", "fields": {"name": "Can add fournisseur", "content_type": ["Fournisseur", "fournisseur"], "codename": "add_fournisseur"}}, {"model": "auth.permission", "fields": {"name": "Can change fournisseur", "content_type": ["Fournisseur", "fournisseur"], "codename": "change_fournisseur"}}, {"model": "auth.permission", "fields": {"name": "Can delete fournisseur", "content_type": ["Fournisseur", "fournisseur"], "codename": "delete_fournisseur"}}, {"model": "auth.permission", "fields": {"name": "Can view fournisseur", "content_type": ["Fournisseur", "fournisseur"], "codename": "view_fournisseur"}}, {"model": "auth.permission", "fields": {"name": "Can add famille", "content_type": ["catalogue", "famille"], "codename": "add_famille"}}, {"model": "auth.permission", "fields": {"name": "Can change famille", "content_type": ["catalogue", "famille"], "codename": "change_famille"}}, {"model": "auth.permission", "fields": {"name": "Can delete famille", "content_type": ["catalogue", "famille"], "codename": "delete_famille"}}, {"model": "auth.permission", "fields": {"name": "Can view famille", "content_type": ["catalogue", "famille"], "codename": "view_famille"}}, {"model": "auth.permission", "fields": {"name": "Can add reference counter", "content_type": ["catalogue", "referencecounter"], "codename": "add_referencecounter"}}, {"model": "auth.permission", "fields": {"name": "Can change reference counter", "content_type": ["catalogue", "referencecounter"], "codename": "change_referencecounter"}}, {"model": "auth.permission", "fields": {"name": "Can delete reference counter", "content_type": ["catalogue", "referencecounter"], "codename": "delete_referencecounter"}}, {"model": "auth.permission", "fields": {"name": "Can view reference counter", "content_type": ["catalogue", "referencecounter"], "codename": "view_referencecounter"}}, {"model": "auth.permission", "fields": {"name": "Can add categorie", "content_type": ["catalogue", "categorie"], "codename": "add_categorie"}}, {"model": "auth.permission", "fields": {"name": "Can change categorie", "content_type": ["catalogue", "categorie"], "codename": "change_categorie"}}, {"model": "auth.permission", "fields": {"name": "Can delete categorie", "content_type": ["catalogue", "categorie"], "codename": "delete_categorie"}}, {"model": "auth.permission", "fields": {"name": "Can view categorie", "content_type": ["catalogue", "categorie"], "codename": "view_categorie"}}, {"model": "auth.permission", "fields": {"name": "Can add service", "content_type": ["catalogue", "service"], "codename": "add_service"}}, {"model": "auth.permission", "fields": {"name": "Can change service", "content_type": ["catalogue", "service"], "codename": "change_service"}}, {"model": "auth.permission", "fields": {"name": "Can delete service", "content_type": ["catalogue", "service"], "codename": "delete_service"}}, {"model": "auth.permission", "fields": {"name": "Can view service", "content_type": ["catalogue", "service"], "codename": "view_service"}}, {"model": "auth.permission", "fields": {"name": "Can add sous categorie", "content_type": ["catalogue", "souscategorie"], "codename": "add_souscategorie"}}, {"model": "auth.permission", "fields": {"name": "Can change sous categorie", "content_type": ["catalogue", "souscategorie"], "codename": "change_souscategorie"}}, {"model": "auth.permission", "fields": {"name": "Can delete sous categorie", "content_type": ["catalogue", "souscategorie"], "codename": "delete_souscategorie"}}, {"model": "auth.permission", "fields": {"name": "Can view sous categorie", "content_type": ["catalogue", "souscategorie"], "codename": "view_souscategorie"}}, {"model": "auth.permission", "fields": {"name": "Can add bien", "content_type": ["catalogue", "bien"], "codename": "add_bien"}}, {"model": "auth.permission", "fields": {"name": "Can change bien", "content_type": ["catalogue", "bien"], "codename": "change_bien"}}, {"model": "auth.permission", "fields": {"name": "Can delete bien", "content_type": ["catalogue", "bien"], "codename": "delete_bien"}}, {"model": "auth.permission", "fields": {"name": "Can view bien", "content_type": ["catalogue", "bien"], "codename": "view_bien"}}, {"model": "auth.permission", "fields": {"name": "Can add role", "content_type": ["accounts", "role"], "codename": "add_role"}}, {"model": "auth.permission", "fields": {"name": "Can change role", "content_type": ["accounts", "role"], "codename": "change_role"}}, {"model": "auth.permission", "fields": {"name": "Can delete role", "content_type": ["accounts", "role"], "codename": "delete_role"}}, {"model": "auth.permission", "fields": {"name": "Can view role", "content_type": ["accounts", "role"], "codename": "view_role"}}, {"model": "auth.permission", "fields": {"name": "Can add user", "content_type": ["accounts", "user"], "codename": "add_user"}}, {"model": "auth.permission", "fields": {"name": "Can change user", "content_type": ["accounts", "user"], "codename": "change_user"}}, {"model": "auth.permission", "fields": {"name": "Can delete user", "content_type": ["accounts", "user"], "codename": "delete_user"}}, {"model": "auth.permission", "fields": {"name": "Can view user", "content_type": ["accounts", "user"], "codename": "view_user"}}, {"model": "auth.permission", "fields": {"name": "Can add ligne commande", "content_type": ["commande", "lignecommande"], "codename": "add_lignecommande"}}, {"model": "auth.permission", "fields": {"name": "Can change ligne commande", "content_type": ["commande", "lignecommande"], "codename": "change_lignecommande"}}, {"model": "auth.permission", "fields": {"name": "Can delete ligne commande", "content_type": ["commande", "lignecommande"], "codename": "delete_lignecommande"}}, {"model": "auth.permission", "fields": {"name": "Can view ligne commande", "content_type": ["commande", "lignecommande"], "codename": "view_lignecommande"}}, {"model": "auth.permission", "fields": {"name": "Can add commande", "content_type": ["commande", "commande"], "codename": "add_commande"}}, {"model": "auth.permission", "fields": {"name": "Can change commande", "content_type": ["commande", "commande"], "codename": "change_commande"}}, {"model": "auth.permission", "fields": {"name": "Can delete commande", "content_type": ["commande", "commande"], "codename": "delete_commande"}}, {"model": "auth.permission", "fields": {"name": "Can view commande", "content_type": ["commande", "commande"], "codename": "view_commande"}}, {"model": "auth.permission", "fields": {"name": "Can add Mouvement logistique", "content_type": ["inventaire", "mouvementlogistique"], "codename": "add_mouvementlogistique"}}, {"model": "auth.permission", "fields": {"name": "Can change Mouvement logistique", "content_type": ["inventaire", "mouvementlogistique"], "codename": "change_mouvementlogistique"}}, {"model": "auth.permission", "fields": {"name": "Can delete Mouvement logistique", "content_type": ["inventaire", "mouvementlogistique"], "codename": "delete_mouvementlogistique"}}, {"model": "auth.permission", "fields": {"name": "Can view Mouvement logistique", "content_type": ["inventaire", "mouvementlogistique"], "codename": "view_mouvementlogistique"}}, {"model": "auth.permission", "fields": {"name": "Can add Stock", "content_type": ["inventaire", "stock"], "codename": "add_stock"}}, {"model": "auth.permission", "fields": {"name": "Can change Stock", "content_type": ["inventaire", "stock"], "codename": "change_stock"}}, {"model": "auth.permission", "fields": {"name": "Can delete Stock", "content_type": ["inventaire", "stock"], "codename": "delete_stock"}}, {"model": "auth.permission", "fields": {"name": "Can view Stock", "content_type": ["inventaire", "stock"], "codename": "view_stock"}}, {"model": "auth.permission", "fields": {"name": "Can add Livraison", "content_type": ["commande", "livraison"], "codename": "add_livraison"}}, {"model": "auth.permission", "fields": {"name": "Can change Livraison", "content_type": ["commande", "livraison"], "codename": "change_livraison"}}, {"model": "auth.permission", "fields": {"name": "Can delete Livraison", "content_type": ["commande", "livraison"], "codename": "delete_livraison"}}, {"model": "auth.permission", "fields": {"name": "Can view Livraison", "content_type": ["commande", "livraison"], "codename": "view_livraison"}}, {"model": "auth.group", "fields": {"name": "Gestionnaire", "permissions": []}}, {"model": "accounts.user", "fields": {"password": "pbkdf2_sha256$870000$DHe5Ij81k19pTBvhM6JxhX$zbvoXx5z3LF2sitJeXzK9M/AA6KQJ63EQbDRt6mmdhM=", "last_login": "2026-01-13T00:40:01.756Z", "is_superuser": true, "username": "info@2025", "first_name": "info@2025", "last_name": "", "is_staff": true, "is_active": true, "date_joined": "2025-12-10T14:01:20.657Z", "email": "edenhavila95@gmail.com", "statut_utilisateur": "actif", "date_creation_utilisateur": "2025-12-10T14:01:20.657Z", "role": null, "groups": [], "user_permissions": []}}, {"model": "accounts.user", "fields": {"password": "pbkdf2_sha256$870000$G4WTS5foMrdtwppnPvUzT0$hP7zkjNyBtDwfxBiSRkjSZLCXBBZZCqN/+yPKbXBo0M=", "last_login": "2026-05-03T17:56:22.873Z", "is_superuser": false, "username": "eden.kouame", "first_name": "Eden", "last_name": "Kouame", "is_staff": false, "is_active": true, "date_joined": "2025-12-10T14:11:52Z", "email": "edenhavila65@gmail.com", "statut_utilisateur": "actif", "date_creation_utilisateur": "2025-12-10T14:11:52Z", "role": 2, "groups": [["Gestionnaire"]], "user_permissions": []}}, {"model": "inventaire.stock", "pk": 6, "fields": {"code": "STK-E1-001", "quantite_disponible": 25, "lieu_stockage": "entrepot1", "responsable_stock": ["eden.kouame"], "date_mise_a_jour": "2026-01-10T22:51:21.537Z", "statut_bien": "disponible", "unite": "piece", "niveau_alerte": 10, "bien": 4}}, {"model": "inventaire.stock", "pk": 7, "fields": {"code": "STK-E2-001", "quantite_disponible": 10, "lieu_stockage": "entrepot2", "responsable_stock": ["eden.kouame"], "date_mise_a_jour": "2026-01-13T17:11:00Z", "statut_bien": "disponible", "unite": "piece", "niveau_alerte": 1, "bien": 5}}, {"model": "inventaire.mouvementlogistique", "pk": 11, "fields": {"code": "MVT-ENT-2026-01-001", "date_mouvement": "2026-01-10T22:50:00Z", "type_mouvement": "ENT", "quantite": 10, "source": "fournisseur", "destination_type": "stock", "destination": "Stock", "justification": "", "reference_document": "", "responsable": ["eden.kouame"], "stock": 6}}, {"model": "Demande.demande", "pk": 4, "fields": {"code_demande": "DEM-DEM-2025-12-002", "utilisateur": null, "type_demande": "Demandeur", "nature_demande": "Service", "date_demande": "2025-12-10", "fichier_joint": "", "date_enregistrement": "2026-01-13T02:42:14.486Z", "date_mise_a_jour": "2026-01-13T02:42:14.509Z", "motif_demande": "fffffffff", "statut_demande": "En cours", "demandes_associees": []}}, {"model": "Demande.demande", "pk": 5, "fields": {"code_demande": "DEM-DEM-2025-12-003", "utilisateur": null, "type_demande": "Demandeur", "nature_demande": "Service", "date_demande": "2025-12-10", "fichier_joint": "", "date_enregistrement": "2026-01-13T02:42:14.486Z", "date_mise_a_jour": "2026-01-13T02:42:14.509Z", "motif_demande": "fffffffff", "statut_demande": "En cours", "demandes_associees": []}}, {"model": "Demande.demande", "pk": 6, "fields": {"code_demande": "DEM-DEM-2025-12-004", "utilisateur": null, "type_demande": "Demandeur", "nature_demande": "Service", "date_demande": "2025-12-10", "fichier_joint": "", "date_enregistrement": "2026-01-13T02:42:14.486Z", "date_mise_a_jour": "2026-01-13T02:42:14.509Z", "motif_demande": "fffffffff", "statut_demande": "En cours", "demandes_associees": []}}, {"model": "Demande.demande", "pk": 7, "fields": {"code_demande": "DEM-DEM-2025-12-005", "utilisateur": null, "type_demande": "Demandeur", "nature_demande": "Service", "date_demande": "2025-12-10", "fichier_joint": "", "date_enregistrement": "2026-01-13T02:42:14.486Z", "date_mise_a_jour": "2026-01-13T02:42:14.509Z", "motif_demande": "fffffffff", "statut_demande": "En cours", "demandes_associees": []}}, {"model": "Demande.demande", "pk": 8, "fields": {"code_demande": "DEM-DEM-2025-12-006", "utilisateur": null, "type_demande": "Demandeur", "nature_demande": "Service", "date_demande": "2025-12-10", "fichier_joint": "", "date_enregistrement": "2026-01-13T02:42:14.486Z", "date_mise_a_jour": "2026-01-13T02:42:14.509Z", "motif_demande": "fffffffff", "statut_demande": "En cours", "demandes_associees": []}}, {"model": "Demande.demande", "pk": 9, "fields": {"code_demande": "DEM-DEM-2025-12-007", "utilisateur": null, "type_demande": "Demandeur", "nature_demande": "Service", "date_demande": "2025-12-10", "fichier_joint": "", "date_enregistrement": "2026-01-13T02:42:14.486Z", "date_mise_a_jour": "2026-01-13T02:42:14.509Z", "motif_demande": "fffffffff", "statut_demande": "En cours", "demandes_associees": []}}, {"model": "Demande.demande", "pk": 10, "fields": {"code_demande": "DEM-DEM-2025-12-008", "utilisateur": null, "type_demande": "Demandeur", "nature_demande": "Service", "date_demande": "2025-12-10", "fichier_joint": "", "date_enregistrement": "2026-01-13T02:42:14.486Z", "date_mise_a_jour": "2026-01-13T02:42:14.509Z", "motif_demande": "fffffffff", "statut_demande": "En cours", "demandes_associees": []}}, {"model": "Demande.demande", "pk": 11, "fields": {"code_demande": "DEM-DEM-2025-12-009", "utilisateur": null, "type_demande": "Demandeur", "nature_demande": "Service", "date_demande": "2025-12-10", "fichier_joint": "", "date_enregistrement": "2026-01-13T02:42:14.486Z", "date_mise_a_jour": "2026-01-13T02:42:14.509Z", "motif_demande": "fffffffff", "statut_demande": "En cours", "demandes_associees": []}}, {"model": "Demande.demande", "pk": 12, "fields": {"code_demande": "DEM-DEM-2025-12-010", "utilisateur": null, "type_demande": "Demandeur", "nature_demande": "Service", "date_demande": "2025-12-10", "fichier_joint": "", "date_enregistrement": "2026-01-13T02:42:14.486Z", "date_mise_a_jour": "2026-01-13T02:42:14.509Z", "motif_demande": "fffffffff", "statut_demande": "En cours", "demandes_associees": []}}, {"model": "Demande.demande", "pk": 13, "fields": {"code_demande": "DEM-DEM-2025-12-011", "utilisateur": null, "type_demande": "Demandeur", "nature_demande": "Service", "date_demande": "2025-12-10", "fichier_joint": "", "date_enregistrement": "2026-01-13T02:42:14.486Z", "date_mise_a_jour": "2026-01-13T02:42:14.509Z", "motif_demande": "fffffffff", "statut_demande": "En cours", "demandes_associees": []}}, {"model": "Demande.demande", "pk": 14, "fields": {"code_demande": "DEM-DEM-2025-12-012", "utilisateur": null, "type_demande": "Demandeur", "nature_demande": "Service", "date_demande": "2025-12-10", "fichier_joint": "", "date_enregistrement": "2026-01-13T02:42:14.486Z", "date_mise_a_jour": "2026-01-13T02:42:14.509Z", "motif_demande": "fffffffff", "statut_demande": "En cours", "demandes_associees": []}}, {"model": "Demande.demande", "pk": 15, "fields": {"code_demande": "DEM-DEM-2025-12-013", "utilisateur": null, "type_demande": "Demandeur", "nature_demande": "Service", "date_demande": "2025-12-10", "fichier_joint": "", "date_enregistrement": "2026-01-13T02:42:14.486Z", "date_mise_a_jour": "2026-01-13T02:42:14.509Z", "motif_demande": "fffffffff", "statut_demande": "En cours", "demandes_associees": []}}, {"model": "Demande.demande", "pk": 16, "fields": {"code_demande": "DEM-DEM-2025-12-014", "utilisateur": null, "type_demande": "Demandeur", "nature_demande": "Service", "date_demande": "2025-12-10", "fichier_joint": "", "date_enregistrement": "2026-01-13T02:42:14.486Z", "date_mise_a_jour": "2026-01-13T02:42:14.509Z", "motif_demande": "fffffffff", "statut_demande": "En cours", "demandes_associees": []}}, {"model": "Demande.demande", "pk": 17, "fields": {"code_demande": "DEM-DEM-2025-12-015", "utilisateur": null, "type_demande": "Demandeur", "nature_demande": "Service", "date_demande": "2025-12-10", "fichier_joint": "", "date_enregistrement": "2026-01-13T02:42:14.486Z", "date_mise_a_jour": "2026-01-13T02:42:14.509Z", "motif_demande": "fffffffff", "statut_demande": "En cours", "demandes_associees": []}}, {"model": "Demande.demande", "pk": 18, "fields": {"code_demande": "DEM-DEM-2025-12-016", "utilisateur": null, "type_demande": "Demandeur", "nature_demande": "Service", "date_demande": "2025-12-10", "fichier_joint": "", "date_enregistrement": "2026-01-13T02:42:14.486Z", "date_mise_a_jour": "2026-01-13T02:42:14.509Z", "motif_demande": "fffffffff", "statut_demande": "En cours", "demandes_associees": []}}, {"model": "Demande.demande", "pk": 19, "fields": {"code_demande": "DEM-DEM-2025-12-017", "utilisateur": null, "type_demande": "Demandeur", "nature_demande": "Service", "date_demande": "2025-12-10", "fichier_joint": "", "date_enregistrement": "2026-01-13T02:42:14.486Z", "date_mise_a_jour": "2026-01-13T02:42:14.509Z", "motif_demande": "fffffffff", "statut_demande": "En cours", "demandes_associees": []}}, {"model": "Demande.demande", "pk": 20, "fields": {"code_demande": "DEM-DEM-2025-12-018", "utilisateur": null, "type_demande": "Demandeur", "nature_demande": "Service", "date_demande": "2025-12-10", "fichier_joint": "", "date_enregistrement": "2026-01-13T02:42:14.486Z", "date_mise_a_jour": "2026-01-13T02:42:14.509Z", "motif_demande": "fffffffff", "statut_demande": "En cours", "demandes_associees": []}}, {"model": "Demande.demande", "pk": 21, "fields": {"code_demande": "DEM-DEM-2025-12-019", "utilisateur": null, "type_demande": "Demandeur", "nature_demande": "Service", "date_demande": "2025-12-10", "fichier_joint": "", "date_enregistrement": "2026-01-13T02:42:14.486Z", "date_mise_a_jour": "2026-01-13T02:42:14.509Z", "motif_demande": "fffffffff", "statut_demande": "En cours", "demandes_associees": []}}, {"model": "Demande.demande", "pk": 22, "fields": {"code_demande": "DEM-DEM-2025-12-020", "utilisateur": null, "type_demande": "Demandeur", "nature_demande": "Service", "date_demande": "2025-12-10", "fichier_joint": "", "date_enregistrement": "2026-01-13T02:42:14.486Z", "date_mise_a_jour": "2026-01-13T02:42:14.509Z", "motif_demande": "fffffffff", "statut_demande": "En cours", "demandes_associees": []}}, {"model": "Demande.demande", "pk": 23, "fields": {"code_demande": "DEM-DEM-2025-12-021", "utilisateur": null, "type_demande": "Demandeur", "nature_demande": "Service", "date_demande": "2025-12-10", "fichier_joint": "", "date_enregistrement": "2026-01-13T02:42:14.486Z", "date_mise_a_jour": "2026-01-13T02:42:14.509Z", "motif_demande": "fffffffff", "statut_demande": "En cours", "demandes_associees": []}}, {"model": "Demande.demande", "pk": 24, "fields": {"code_demande": "DEM-DEM-2025-12-022", "utilisateur": null, "type_demande": "Demandeur", "nature_demande": "Service", "date_demande": "2025-12-10", "fichier_joint": "", "date_enregistrement": "2026-01-13T02:42:14.486Z", "date_mise_a_jour": "2026-01-13T02:42:14.509Z", "motif_demande": "fffffffff", "statut_demande": "En cours", "demandes_associees": []}}, {"model": "Demande.demande", "pk": 25, "fields": {"code_demande": "DEM-DEM-2025-12-023", "utilisateur": null, "type_demande": "Demandeur", "nature_demande": "Service", "date_demande": "2025-12-10", "fichier_joint": "", "date_enregistrement": "2026-01-13T02:42:14.486Z", "date_mise_a_jour": "2026-01-13T02:42:14.509Z", "motif_demande": "fffffffff", "statut_demande": "En cours", "demandes_associees": []}}, {"model": "Demande.demande", "pk": 26, "fields": {"code_demande": "DEM-DEM-2025-12-024", "utilisateur": null, "type_demande": "Demandeur", "nature_demande": "Service", "date_demande": "2025-12-10", "fichier_joint": "", "date_enregistrement": "2026-01-13T02:42:14.486Z", "date_mise_a_jour": "2026-01-13T02:42:14.509Z", "motif_demande": "fffffffff", "statut_demande": "En cours", "demandes_associees": []}}, {"model": "Demande.demande", "pk": 27, "fields": {"code_demande": "DEM-GES-2025-12-003", "utilisateur": null, "type_demande": "Gestionnaire", "nature_demande": "Bien", "date_demande": "2025-12-10", "fichier_joint": "", "date_enregistrement": "2026-01-13T02:42:14.486Z", "date_mise_a_jour": "2026-01-13T02:42:14.509Z", "motif_demande": "rassemble", "statut_demande": "En cours", "demandes_associees": [4, 5, 6]}}, {"model": "Demande.demande", "pk": 28, "fields": {"code_demande": "DEM-GES-2026-01-001", "utilisateur": null, "type_demande": "Gestionnaire", "nature_demande": "Bien", "date_demande": "2026-01-11", "fichier_joint": "", "date_enregistrement": "2026-01-13T02:42:14.486Z", "date_mise_a_jour": "2026-01-13T02:42:14.509Z", "motif_demande": "today", "statut_demande": "En cours", "demandes_associees": [20, 24, 25, 26]}}, {"model": "Demande.demande", "pk": 29, "fields": {"code_demande": "DEM-GES-2026-01-002", "utilisateur": null, "type_demande": "Gestionnaire", "nature_demande": "Bien", "date_demande": "2026-01-11", "fichier_joint": "", "date_enregistrement": "2026-01-13T02:42:14.486Z", "date_mise_a_jour": "2026-01-13T02:42:14.509Z", "motif_demande": "today", "statut_demande": "En cours", "demandes_associees": [20, 24, 25, 26]}}, {"model": "Demande.demande", "pk": 30, "fields": {"code_demande": "DEM-GES-2026-01-003", "utilisateur": null, "type_demande": "Gestionnaire", "nature_demande": "Bien", "date_demande": "2026-01-11", "fichier_joint": "", "date_enregistrement": "2026-01-13T02:42:14.486Z", "date_mise_a_jour": "2026-01-13T02:42:14.509Z", "motif_demande": "today", "statut_demande": "En cours", "demandes_associees": [20, 24, 25, 26]}}, {"model": "Demande.demande", "pk": 31, "fields": {"code_demande": "DEM-GES-2026-01-004", "utilisateur": null, "type_demande": "Gestionnaire", "nature_demande": "Bien", "date_demande": "2026-01-11", "fichier_joint": "", "date_enregistrement": "2026-01-13T02:42:14.486Z", "date_mise_a_jour": "2026-01-13T02:42:14.509Z", "motif_demande": "today", "statut_demande": "En cours", "demandes_associees": [20, 24, 25, 26]}}, {"model": "Demande.demande", "pk": 38, "fields": {"code_demande": "DEM-GES-2026-01-011", "utilisateur": null, "type_demande": "Gestionnaire", "nature_demande": "Bien", "date_demande": "2026-01-11", "fichier_joint": "", "date_enregistrement": "2026-01-13T02:42:14.486Z", "date_mise_a_jour": "2026-01-13T02:42:14.509Z", "motif_demande": "today", "statut_demande": "En cours", "demandes_associees": [15, 16, 17, 18, 19, 20, 21, 22, 23, 24, 25, 26]}}, {"model": "Demande.demande", "pk": 39, "fields": {"code_demande": "DEM-GES-2026-01-012", "utilisateur": null, "type_demande": "Gestionnaire", "nature_demande": "Bien", "date_demande": "2026-01-11", "fichier_joint": "Demande/fichiers/Interview.txt", "date_enregistrement": "2026-01-13T02:42:14.486Z", "date_mise_a_jour": "2026-01-13T02:42:14.509Z", "motif_demande": "today", "statut_demande": "En cours", "demandes_associees": [5, 6, 7, 8, 9, 10, 11, 12, 13, 14, 15, 16, 17]}}, {"model": "Demande.demande", "pk": 40, "fields": {"code_demande": "DEM-GES-2026-01-008", "utilisateur": null, "type_demande": "Gestionnaire", "nature_demande": "Bien", "date_demande": "2026-01-11", "fichier_joint": "Demande/fichiers/Interview_AatToOE.txt", "date_enregistrement": "2026-01-13T02:42:14.486Z", "date_mise_a_jour": "2026-01-13T02:42:14.509Z", "motif_demande": "Renouvellement du parc informatique", "statut_demande": "Validée", "demandes_associees": [41]}}, {"model": "Demande.demande", "pk": 41, "fields": {"code_demande": "DEM-DEM-2026-01-001", "utilisateur": ["eden.kouame"], "type_demande": "Demandeur", "nature_demande": "Bien", "date_demande": "2026-01-11", "fichier_joint": "", "date_enregistrement": "2026-01-13T02:42:14.486Z", "date_mise_a_jour": "2026-01-13T02:42:14.509Z", "motif_demande": "Ordinateur lent", "statut_demande": "Validée", "demandes_associees": []}}, {"model": "Demande.demande", "pk": 42, "fields": {"code_demande": "DEM-DEM-2026-01-002", "utilisateur": ["eden.kouame"], "type_demande": "Demandeur", "nature_demande": "Bien", "date_demande": "2026-01-13", "fichier_joint": "", "date_enregistrement": "2026-01-13T02:42:14.486Z", "date_mise_a_jour": "2026-01-13T02:44:23.732Z", "motif_demande": "Ordinateur en panne", "statut_demande": "En cours", "demandes_associees": []}}, {"model": "admin.logentry", "pk": 1, "fields": {"action_time": "2025-12-10T14:04:17.332Z", "user": ["info@2025"], "content_type": ["Fournisseur", "type"], "object_id": "1", "object_repr": "Bien", "action_flag": 1, "change_message": "[{\"added\": {}}]"}}, {"model": "admin.logentry", "pk": 2, "fields": {"action_time": "2025-12-10T14:04:21.394Z", "user": ["info@2025"], "content_type": ["Fournisseur", "type"], "object_id": "2", "object_repr": "Service", "action_flag": 1, "change_message": "[{\"added\": {}}]"}}, {"model": "admin.logentry", "pk": 3, "fields": {"action_time": "2025-12-10T14:05:04.670Z", "user": ["info@2025"], "content_type": ["catalogue", "famille"], "object_id": "1", "object_repr": "Informatique", "action_flag": 1, "change_message": "[{\"added\": {}}]"}}, {"model": "admin.logentry", "pk": 4, "fields": {"action_time": "2025-12-10T14:05:24.176Z", "user": ["info@2025"], "content_type": ["catalogue", "famille"], "object_id": "2", "object_repr": "Vehicule", "action_flag": 1, "change_message": "[{\"added\": {}}]"}}, {"model": "admin.logentry", "pk": 5, "fields": {"action_time": "2025-12-10T14:05:44.259Z", "user": ["info@2025"], "content_type": ["catalogue", "categorie"], "object_id": "1", "object_repr": "Ordinateur", "action_flag": 1, "change_message": "[{\"added\": {}}]"}}, {"model": "admin.logentry", "pk": 6, "fields": {"action_time": "2025-12-10T14:05:52.763Z", "user": ["info@2025"], "content_type": ["catalogue", "categorie"], "object_id": "2", "object_repr": "Imprimante", "action_flag": 1, "change_message": "[{\"added\": {}}]"}}, {"model": "admin.logentry", "pk": 7, "fields": {"action_time": "2025-12-10T14:06:14.197Z", "user": ["info@2025"], "content_type": ["catalogue", "souscategorie"], "object_id": "1", "object_repr": "Laptop", "action_flag": 1, "change_message": "[{\"added\": {}}]"}}, {"model": "admin.logentry", "pk": 8, "fields": {"action_time": "2025-12-10T14:06:25.328Z", "user": ["info@2025"], "content_type": ["catalogue", "souscategorie"], "object_id": "2", "object_repr": "Desktop", "action_flag": 1, "change_message": "[{\"added\": {}}]"}}, {"model": "admin.logentry", "pk": 9, "fields": {"action_time": "2025-12-10T14:08:04.491Z", "user": ["info@2025"], "content_type": ["catalogue", "souscategorie"], "object_id": "3", "object_repr": "Bureau", "action_flag": 1, "change_message": "[{\"added\": {}}]"}}, {"model": "admin.logentry", "pk": 10, "fields": {"action_time": "2025-12-10T14:10:48.331Z", "user": ["info@2025"], "content_type": ["Fournisseur", "fournisseur"], "object_id": "1", "object_repr": "Eden", "action_flag": 1, "change_message": "[{\"added\": {}}]"}}, {"model": "admin.logentry", "pk": 11, "fields": {"action_time": "2025-12-10T14:11:55.020Z", "user": ["info@2025"], "content_type": ["accounts", "user"], "object_id": "2", "object_repr": "eden.kouame ()", "action_flag": 1, "change_message": "[{\"added\": {}}]"}}, {"model": "admin.logentry", "pk": 12, "fields": {"action_time": "2025-12-10T14:12:48.626Z", "user": ["info@2025"], "content_type": ["accounts", "user"], "object_id": "2", "object_repr": "eden.kouame (edenhavila65@gmail.com)", "action_flag": 2, "change_message": "[{\"changed\": {\"fields\": [\"First name\", \"Last name\", \"Email\"]}}]"}}, {"model": "admin.logentry", "pk": 13, "fields": {"action_time": "2025-12-10T14:12:53.876Z", "user": ["info@2025"], "content_type": ["accounts", "role"], "object_id": "1", "object_repr": "demandeur", "action_flag": 1, "change_message": "[{\"added\": {}}]"}}, {"model": "admin.logentry", "pk": 14, "fields": {"action_time": "2025-12-10T14:13:01.563Z", "user": ["info@2025"], "content_type": ["accounts", "role"], "object_id": "2", "object_repr": "gestionnaire", "action_flag": 1, "change_message": "[{\"added\": {}}]"}}, {"model": "admin.logentry", "pk": 15, "fields": {"action_time": "2025-12-10T14:13:04.963Z", "user": ["info@2025"], "content_type": ["accounts", "role"], "object_id": "3", "object_repr": "admin", "action_flag": 1, "change_message": "[{\"added\": {}}]"}}, {"model": "admin.logentry", "pk": 16, "fields": {"action_time": "2025-12-10T14:13:38.828Z", "user": ["info@2025"], "content_type": ["accounts", "user"], "object_id": "2", "object_repr": "eden.kouame (edenhavila65@gmail.com)", "action_flag": 2, "change_message": "[{\"changed\": {\"fields\": [\"Role\"]}}]"}}, {"model": "admin.logentry", "pk": 17, "fields": {"action_time": "2025-12-10T14:15:51.973Z", "user": ["info@2025"], "content_type": ["Demande", "demande"], "object_id": "1", "object_repr": "TEMP", "action_flag": 1, "change_message": "[{\"added\": {}}]"}}, {"model": "admin.logentry", "pk": 18, "fields": {"action_time": "2025-12-10T14:17:51.300Z", "user": ["info@2025"], "content_type": ["Demande", "demande"], "object_id": "2", "object_repr": "DEM-GES-2025-12-002", "action_flag": 1, "change_message": "[{\"added\": {}}]"}}, {"model": "admin.logentry", "pk": 19, "fields": {"action_time": "2025-12-10T14:18:45.193Z", "user": ["info@2025"], "content_type": ["Demande", "demande"], "object_id": "3", "object_repr": "DEM-DEM-2025-12-001", "action_flag": 1, "change_message": "[{\"added\": {}}]"}}, {"model": "admin.logentry", "pk": 20, "fields": {"action_time": "2025-12-12T12:53:53.260Z", "user": ["info@2025"], "content_type": ["Fournisseur", "type"], "object_id": "2", "object_repr": "Service", "action_flag": 3, "change_message": ""}}, {"model": "admin.logentry", "pk": 21, "fields": {"action_time": "2025-12-12T12:53:58.506Z", "user": ["info@2025"], "content_type": ["Fournisseur", "type"], "object_id": "1", "object_repr": "Bien", "action_flag": 3, "change_message": ""}}, {"model": "admin.logentry", "pk": 22, "fields": {"action_time": "2025-12-12T12:54:04.315Z", "user": ["info@2025"], "content_type": ["Fournisseur", "type"], "object_id": "3", "object_repr": "Biens", "action_flag": 1, "change_message": "[{\"added\": {}}]"}}, {"model": "admin.logentry", "pk": 23, "fields": {"action_time": "2025-12-12T12:54:11.752Z", "user": ["info@2025"], "content_type": ["Fournisseur", "type"], "object_id": "4", "object_repr": "Services", "action_flag": 1, "change_message": "[{\"added\": {}}]"}}, {"model": "admin.logentry", "pk": 24, "fields": {"action_time": "2025-12-12T13:17:52.597Z", "user": ["info@2025"], "content_type": ["Fournisseur", "type"], "object_id": "4", "object_repr": "Bien", "action_flag": 2, "change_message": "[{\"changed\": {\"fields\": [\"Nom\"]}}]"}}, {"model": "admin.logentry", "pk": 25, "fields": {"action_time": "2025-12-12T13:18:00.135Z", "user": ["info@2025"], "content_type": ["Fournisseur", "type"], "object_id": "3", "object_repr": "Service", "action_flag": 2, "change_message": "[{\"changed\": {\"fields\": [\"Nom\"]}}]"}}, {"model": "admin.logentry", "pk": 26, "fields": {"action_time": "2025-12-12T14:22:19.445Z", "user": ["info@2025"], "content_type": ["catalogue", "souscategorie"], "object_id": "4", "object_repr": "hp laserjet pro mfp m283fdw", "action_flag": 1, "change_message": "[{\"added\": {}}]"}}, {"model": "admin.logentry", "pk": 27, "fields": {"action_time": "2025-12-12T15:23:04.445Z", "user": ["info@2025"], "content_type": ["Fournisseur", "fournisseur"], "object_id": "2", "object_repr": "Havila", "action_flag": 1, "change_message": "[{\"added\": {}}]"}}, {"model": "admin.logentry", "pk": 28, "fields": {"action_time": "2026-01-11T01:47:20.359Z", "user": ["info@2025"], "content_type": ["auth", "group"], "object_id": "1", "object_repr": "Gestionnaire", "action_flag": 1, "change_message": "[{\"added\": {}}]"}}, {"model": "admin.logentry", "pk": 29, "fields": {"action_time": "2026-01-11T01:48:17.176Z", "user": ["info@2025"], "content_type": ["accounts", "user"], "object_id": "2", "object_repr": "eden.kouame (edenhavila65@gmail.com)", "action_flag": 2, "change_message": "[]"}}, {"model": "admin.logentry", "pk": 30, "fields": {"action_time": "2026-01-11T02:02:46.512Z", "user": ["info@2025"], "content_type": ["accounts", "user"], "object_id": "2", "object_repr": "eden.kouame (edenhavila65@gmail.com)", "action_flag": 2, "change_message": "[{\"changed\": {\"fields\": [\"Groups\"]}}]"}}, {"model": "admin.logentry", "pk": 31, "fields": {"action_time": "2026-01-13T00:54:29.280Z", "user": ["info@2025"], "content_type": ["catalogue", "categorie"], "object_id": "2", "object_repr": "Periphérique", "action_flag": 2, "change_message": "[{\"changed\": {\"fields\": [\"Designation\"]}}]"}}, {"model": "admin.logentry", "pk": 32, "fields": {"action_time": "2026-01-13T00:55:19.686Z", "user": ["info@2025"], "content_type": ["catalogue", "souscategorie"], "object_id": "4", "object_repr": "Imprimante", "action_flag": 2, "change_message": "[{\"changed\": {\"fields\": [\"Nom\"]}}]"}}, {"model": "admin.logentry", "pk": 33, "fields": {"action_time": "2026-01-13T00:55:51.489Z", "user": ["info@2025"], "content_type": ["catalogue", "souscategorie"], "object_id": "5", "object_repr": "Écrans", "action_flag": 1, "change_message": "[{\"added\": {}}]"}}, {"model": "admin.logentry", "pk": 34, "fields": {"action_time": "2026-01-13T00:56:10.373Z", "user": ["info@2025"], "content_type": ["catalogue", "souscategorie"], "object_id": "6", "object_repr": "Claviers", "action_flag": 1, "change_message": "[{\"added\": {}}]"}}, {"model": "admin.logentry", "pk": 35, "fields": {"action_time": "2026-01-13T00:56:25.607Z", "user": ["info@2025"], "content_type": ["catalogue", "souscategorie"], "object_id": "7", "object_repr": "Souris", "action_flag": 1, "change_message": "[{\"added\": {}}]"}}, {"model": "admin.logentry", "pk": 36, "fields": {"action_time": "2026-01-13T00:56:39.156Z", "user": ["info@2025"], "content_type": ["catalogue", "souscategorie"], "object_id": "8", "object_repr": "Projecteur", "action_flag": 1, "change_message": "[{\"added\": {}}]"}}, {"model": "admin.logentry", "pk": 37, "fields": {"action_time": "2026-01-13T01:18:10.295Z", "user": ["info@2025"], "content_type": ["catalogue", "famille"], "object_id": "3", "object_repr": "Entretien", "action_flag": 1, "change_message": "[{\"added\": {}}]"}}, {"model": "admin.logentry", "pk": 38, "fields": {"action_time": "2026-01-13T01:18:34.958Z", "user": ["info@2025"], "content_type": ["catalogue", "famille"], "object_id": "4", "object_repr": "Sécurité", "action_flag": 1, "change_message": "[{\"added\": {}}]"}}, {"model": "admin.logentry", "pk": 39, "fields": {"action_time": "2026-01-13T01:20:36.071Z", "user": ["info@2025"], "content_type": ["catalogue", "famille"], "object_id": "5", "object_repr": "Fournitures", "action_flag": 1, "change_message": "[{\"added\": {}}]"}}, {"model": "admin.logentry", "pk": 40, "fields": {"action_time": "2026-01-13T01:23:00.480Z", "user": ["info@2025"], "content_type": ["catalogue", "categorie"], "object_id": "3", "object_repr": "Outils", "action_flag": 1, "change_message": "[{\"added\": {}}]"}}, {"model": "admin.logentry", "pk": 41, "fields": {"action_time": "2026-01-13T01:23:24.703Z", "user": ["info@2025"], "content_type": ["catalogue", "categorie"], "object_id": "4", "object_repr": "Produits", "action_flag": 1, "change_message": "[{\"added\": {}}]"}}, {"model": "admin.logentry", "pk": 42, "fields": {"action_time": "2026-01-13T01:23:41.413Z", "user": ["info@2025"], "content_type": ["catalogue", "categorie"], "object_id": "5", "object_repr": "Extincteurs", "action_flag": 1, "change_message": "[{\"added\": {}}]"}}, {"model": "admin.logentry", "pk": 43, "fields": {"action_time": "2026-01-13T01:24:09.635Z", "user": ["info@2025"], "content_type": ["catalogue", "categorie"], "object_id": "6", "object_repr": "Caméras", "action_flag": 1, "change_message": "[{\"added\": {}}]"}}, {"model": "admin.logentry", "pk": 44, "fields": {"action_time": "2026-01-13T01:24:48.110Z", "user": ["info@2025"], "content_type": ["catalogue", "categorie"], "object_id": "7", "object_repr": "Bureautique", "action_flag": 1, "change_message": "[{\"added\": {}}]"}}, {"model": "admin.logentry", "pk": 45, "fields": {"action_time": "2026-01-13T01:25:04.637Z", "user": ["info@2025"], "content_type": ["catalogue", "categorie"], "object_id": "8", "object_repr": "Organisation", "action_flag": 1, "change_message": "[{\"added\": {}}]"}}, {"model": "admin.logentry", "pk": 46, "fields": {"action_time": "2026-01-13T01:25:51.103Z", "user": ["info@2025"], "content_type": ["catalogue", "famille"], "object_id": "6", "object_repr": "Mobilier", "action_flag": 1, "change_message": "[{\"added\": {}}]"}}, {"model": "admin.logentry", "pk": 47, "fields": {"action_time": "2026-01-13T01:26:05.026Z", "user": ["info@2025"], "content_type": ["catalogue", "categorie"], "object_id": "9", "object_repr": "Sièges", "action_flag": 1, "change_message": "[{\"added\": {}}]"}}, {"model": "admin.logentry", "pk": 48, "fields": {"action_time": "2026-01-13T01:26:18.166Z", "user": ["info@2025"], "content_type": ["catalogue", "categorie"], "object_id": "10", "object_repr": "Tables", "action_flag": 1, "change_message": "[{\"added\": {}}]"}}, {"model": "admin.logentry", "pk": 49, "fields": {"action_time": "2026-01-13T01:26:30.303Z", "user": ["info@2025"], "content_type": ["catalogue", "categorie"], "object_id": "11", "object_repr": "Rangement", "action_flag": 1, "change_message": "[{\"added\": {}}]"}}, {"model": "admin.logentry", "pk": 50, "fields": {"action_time": "2026-01-13T01:28:10.059Z", "user": ["info@2025"], "content_type": ["catalogue", "souscategorie"], "object_id": "9", "object_repr": "Aspirateurs", "action_flag": 1, "change_message": "[{\"added\": {}}]"}}, {"model": "admin.logentry", "pk": 51, "fields": {"action_time": "2026-01-13T01:28:48.640Z", "user": ["info@2025"], "content_type": ["catalogue", "souscategorie"], "object_id": "10", "object_repr": "balais", "action_flag": 1, "change_message": "[{\"added\": {}}]"}}, {"model": "admin.logentry", "pk": 52, "fields": {"action_time": "2026-01-13T01:29:07.834Z", "user": ["info@2025"], "content_type": ["catalogue", "souscategorie"], "object_id": "11", "object_repr": "Détergents", "action_flag": 1, "change_message": "[{\"added\": {}}]"}}, {"model": "admin.logentry", "pk": 53, "fields": {"action_time": "2026-01-13T01:29:23.167Z", "user": ["info@2025"], "content_type": ["catalogue", "souscategorie"], "object_id": "12", "object_repr": "désinfectants", "action_flag": 1, "change_message": "[{\"added\": {}}]"}}, {"model": "admin.logentry", "pk": 54, "fields": {"action_time": "2026-01-13T01:37:46.281Z", "user": ["info@2025"], "content_type": ["catalogue", "categorie"], "object_id": "6", "object_repr": "Surveillance", "action_flag": 2, "change_message": "[{\"changed\": {\"fields\": [\"Designation\"]}}]"}}, {"model": "admin.logentry", "pk": 55, "fields": {"action_time": "2026-01-13T01:38:32.911Z", "user": ["info@2025"], "content_type": ["catalogue", "souscategorie"], "object_id": "13", "object_repr": "Gardiennage", "action_flag": 1, "change_message": "[{\"added\": {}}]"}}]